<configuration>

    <appender name="STDOUT" class="ch.qos.logback.core.ConsoleAppender">
        <!-- encoders are assigned the type
             ch.qos.logback.classic.encoder.PatternLayoutEncoder by default -->
        <encoder>
            <pattern>%d{HH:mm:ss.SSS} [%thread] %-5level %logger{36} - %msg%n</pattern>
        </encoder>
    </appender>

    <logger name="org.apache.flink" level="warn">
        <appender-ref ref="STDOUT" />
    </logger>

    <logger name="org.apache.kafka" level="warn">
        <appender-ref ref="STDOUT" />
    </logger>

    <logger name="org.apache.zookeeper" level="warn">
        <appender-ref ref="STDOUT" />
    </logger>

    <root level="info">
        <appender-ref ref="STDOUT" />
    </root>
</configuration>