{
  "version": "0.1",
  "language": "en",
  "words": [
    "addrs",
    "ADHOC",
    "Affero",
    "AGPL",
    "algolia",
    "Alibaba",
    "Alicloud",
    "aliyun",
    "aliyuncs",
    "antd",
    "antv",
    "apacheskywalking",
    "Apdex",
    "apim",
    "apimanage",
    "appstore",
    "arial",
    "arraybuffer",
    "asdadasdasd",
    "asynciterable",
    "ATONCE",
    "ATTACHFAILED",
    "authed",
    "auths",
    "autosize",
    "autotest",
    "autotests",
    "baocun",
    "batchcopy",
    "BIGDATA",
    "bigint",
    "bignumber",
    "brightgray",
    "browserslist",
    "Btns",
    "Builtins",
    "captcha",
    "Cascader",
    "cerr",
    "chaxunfenxi",
    "chenweitao",
    "chunkhash",
    "CIDR",
    "clusterinfo",
    "combobox",
    "commithash",
    "commitlint",
    "Conda",
    "configcenter",
    "configurator",
    "Consolas",
    "contentful",
    "contenthash",
    "craco",
    "cronstrue",
    "csmr",
    "csrf",
    "curtime",
    "cust",
    "dapp",
    "dataapplication",
    "datahub",
    "datamodel",
    "datamodels",
    "dataservice",
    "datasource",
    "datasources",
    "datetime",
    "dcos",
    "deamon",
    "denv",
    "devserver",
    "devtool",
    "devtools",
    "dicehub",
    "dingding",
    "dingtalk",
    "displayname",
    "dlsw",
    "dompurify",
    "dpid",
    "dropdown",
    "dsjyy",
    "dsrv",
    "Echarts",
    "edas",
    "elint",
    "envs",
    "Erda",
    "erdalogo",
    "erdc",
    "esbuild",
    "esnext",
    "execa",
    "fangfa",
    "filemanager",
    "filetree",
    "fuwuguancesvg",
    "fwsl",
    "gaojingguanli",
    "getrule",
    "gittar",
    "Glusterfs",
    "GPLV",
    "gqct",
    "Granularities",
    "GREATERANDEQUAL",
    "GREATERANDEQUALMIN",
    "GREATERMIN",
    "guanbi",
    "guanxiwang",
    "HANA",
    "happypack",
    "hepa",
    "Heyuan",
    "Hiragino",
    "hoverable",
    "huanjinggailan",
    "Huhhot",
    "huidaodingbu",
    "iconfont",
    "iconpark",
    "ICRUD",
    "immer",
    "inet",
    "inited",
    "inode",
    "IOSS",
    "JDBC",
    "jsjl",
    "Jupyter",
    "jvms",
    "JVMs",
    "jxcx",
    "jzts",
    "Kanban",
    "keyframes",
    "KRATOS",
    "kuala",
    "kube",
    "kubectl",
    "kubernetes",
    "kuimo",
    "kuimo's",
    "kztt",
    "LABELCOMPUTING",
    "LESSANDEQUAL",
    "LESSANDEQUALMAX",
    "LESSMAX",
    "liukong",
    "lngs",
    "loadserver",
    "lumpur",
    "Markdownlint",
    "maxdepth",
    "MEMBERID",
    "mesos",
    "metadatas",
    "metadatum",
    "METAFILE",
    "methd",
    "microservices",
    "middlewares",
    "millicore",
    "mindmap",
    "minio",
    "mochawesome",
    "mockdate",
    "mockjs",
    "monospace",
    "MPAAS",
    "msp",
    "mthd",
    "nestjs",
    "noemit",
    "nowrap",
    "nusi",
    "nusicon",
    "oapi",
    "ODPS",
    "onedata",
    "oneid",
    "openapi",
    "opentelemetry",
    "orgs",
    "osascript",
    "outter",
    "pagings",
    "paishengzhibiao",
    "paiva",
    "papi",
    "phenomnomnominal",
    "pids",
    "pidtree",
    "pinode",
    "pmapi",
    "pnpm",
    "Popconfirm",
    "POSTGRESQL",
    "postupdate",
    "precache",
    "precommit",
    "prefetch",
    "preupdate",
    "prewrap",
    "printf",
    "proctime",
    "puse",
    "PYTHONEXECUTE",
    "qiankun",
    "qrcode",
    "questionfill",
    "quxiaobianji",
    "qxzd",
    "reactdom",
    "recertification",
    "reco",
    "regist",
    "Repo",
    "requestidlecallback",
    "sampleable",
    "schedulable",
    "screenfull",
    "scrollbar",
    "serie",
    "serr",
    "serviceaccounts",
    "Sevenday",
    "Shenzhen",
    "Sider",
    "sizeme",
    "SKYWALKING",
    "smallint",
    "snapsvg",
    "sockjs",
    "SQLEXECUTE",
    "sqlhistories",
    "SQLSERVER",
    "stpz",
    "Struct",
    "stylelint",
    "stylelintrc",
    "subfolder",
    "Sublicensing",
    "submenu",
    "submodules",
    "succ",
    "TAGING",
    "tailwindcss",
    "taskcategories",
    "taskruns",
    "testcase",
    "testset",
    "Thirtyday",
    "tinyint",
    "translaterc",
    "tsquery",
    "unfollow",
    "Unmount",
    "Unpromise",
    "unstart",
    "unuse",
    "UPDATEDAT",
    "updator",
    "upfs",
    "uploader",
    "USERDEFINE",
    "uuidv",
    "varchar",
    "Vdom",
    "viewchange",
    "vitalets",
    "vite",
    "vitejs",
    "vnode",
    "vuepress",
    "webhook",
    "wechat",
    "Weex",
    "welldone",
    "WONTFIX",
    "workflowcategories",
    "xargs",
    "xjwd",
    "xjwjj",
    "xlink",
    "Xmind",
    "youdao",
    "yuanzizhibiao",
    "Yuodao",
    "ywyy",
    "YYYYMMDD",
    "zkproxy",
    "zujian"
  ],
  "flagWords": [
    "hte"
  ],
  "ignorePaths": [
    "node_modules"
  ]
}
